NS.1480.001.IDT_i7_1---IDT_i5_1.353,DeerCreek_2012_North_353
NS.1480.001.IDT_i7_10---IDT_i5_10.244,LittleJameson_2010_Centre_244
NS.1480.001.IDT_i7_100---IDT_i5_100.83,Redwoods_2013_Centre_83
NS.1480.001.IDT_i7_101---IDT_i5_101.94,NFMFTule_2013_Centre_94
NS.1480.001.IDT_i7_102---IDT_i5_102.103,NFMFTule_2014_Centre_103
NS.1480.001.IDT_i7_103---IDT_i5_103.112,NFMFTule_2015_Centre_112
NS.1480.001.IDT_i7_104---IDT_i5_104.126,MillCreek_2011_South_126
NS.1480.001.IDT_i7_105---IDT_i5_105.137,MillCreek_2013_South_137
NS.1480.001.IDT_i7_106---IDT_i5_106.145,MillCreek_2016_South_145
NS.1480.001.IDT_i7_108---IDT_i5_108.154,RockCreek_2010_North_154
NS.1480.001.IDT_i7_109---IDT_i5_109.58,WFMojave_2015_South_58
NS.1480.001.IDT_i7_11---IDT_i5_11.257,LittleJameson_2013_Centre_257
NS.1480.001.IDT_i7_110---IDT_i5_110.111,NFMFTule_2015_Centre_111
NS.1480.001.IDT_i7_112---IDT_i5_112.84,Redwoods_2013_Centre_84
NS.1480.001.IDT_i7_118---IDT_i5_118.146,MillCreek_2016_South_146
NS.1480.001.IDT_i7_12---IDT_i5_12.777,ShastaCostaCreek_2008__777
NS.1480.001.IDT_i7_120---IDT_i5_120.155,RockCreek_2010_North_155
NS.1480.001.IDT_i7_121---IDT_i5_121.113,NFMFTule_2015_Centre_113
NS.1480.001.IDT_i7_122---IDT_i5_122.116,NFMFTule_2016_Centre_116
NS.1480.001.IDT_i7_123---IDT_i5_123.77,Redwoods_2012_Centre_77
NS.1480.001.IDT_i7_124---IDT_i5_124.85,Redwoods_2014_Centre_85
NS.1480.001.IDT_i7_125---IDT_i5_125.96,NFMFTule_2013_Centre_96
NS.1480.001.IDT_i7_126---IDT_i5_126.105,NFMFTule_2014_Centre_105
NS.1480.001.IDT_i7_127---IDT_i5_127.115,NFMFTule_2016_Centre_115
NS.1480.001.IDT_i7_128---IDT_i5_128.129,MillCreek_2011_South_129
NS.1480.001.IDT_i7_129---IDT_i5_129.139,MillCreek_2015_South_139
NS.1480.001.IDT_i7_13---IDT_i5_13.354,DeerCreek_2012_North_354
NS.1480.001.IDT_i7_130---IDT_i5_130.147,MillCreek_2016_South_147
NS.1480.001.IDT_i7_131---IDT_i5_131.11,Sweetwater_2011_South_11
NS.1480.001.IDT_i7_132---IDT_i5_132.156,RockCreek_2010_North_156
NS.1480.001.IDT_i7_133---IDT_i5_133.121,MillCreek_2010_South_121
NS.1480.001.IDT_i7_134---IDT_i5_134.117,NFMFTule_2016_Centre_117
NS.1480.001.IDT_i7_137---IDT_i5_137.97,NFMFTule_2013_Centre_97
NS.1480.001.IDT_i7_14---IDT_i5_14.367,DeerCreek_2014_North_367
NS.1480.001.IDT_i7_140---IDT_i5_140.130,MillCreek_2011_South_130
NS.1480.001.IDT_i7_141---IDT_i5_141.140,MillCreek_2015_South_140
NS.1480.001.IDT_i7_143---IDT_i5_143.62,WFMojave_2015_South_62
NS.1480.001.IDT_i7_144---IDT_i5_144.157,RockCreek_2012_North_157
NS.1480.001.IDT_i7_145---IDT_i5_145.132,MillCreek_2011_South_132
NS.1480.001.IDT_i7_146---IDT_i5_146.120,MillCreek_2010_South_120
NS.1480.001.IDT_i7_148---IDT_i5_148.87,NFMFTule_2010_Centre_87
NS.1480.001.IDT_i7_149---IDT_i5_149.98,NFMFTule_2014_Centre_98
NS.1480.001.IDT_i7_15---IDT_i5_15.737,Redwoods_2010_Centre_737
NS.1480.001.IDT_i7_150---IDT_i5_150.107,NFMFTule_2015_Centre_107
NS.1480.001.IDT_i7_151---IDT_i5_151.119,MillCreek_2010_South_119
NS.1480.001.IDT_i7_152---IDT_i5_152.131,MillCreek_2011_South_131
NS.1480.001.IDT_i7_153---IDT_i5_153.141,MillCreek_2015_South_141
NS.1480.001.IDT_i7_154---IDT_i5_154.150,RockCreek_2010_North_150
NS.1480.001.IDT_i7_155---IDT_i5_155.91,NFMFTule_2012_Centre_91
NS.1480.001.IDT_i7_156---IDT_i5_156.158,RockCreek_2012_North_158
NS.1480.001.IDT_i7_157---IDT_i5_157.114,NFMFTule_2015_Centre_114
NS.1480.001.IDT_i7_158---IDT_i5_158.125,MillCreek_2010_South_125
NS.1480.001.IDT_i7_16---IDT_i5_16.778,ShastaCostaCreek_2008__778
NS.1480.001.IDT_i7_160---IDT_i5_160.90,NFMFTule_2012_Centre_90
NS.1480.001.IDT_i7_161---IDT_i5_161.100,NFMFTule_2014_Centre_100
NS.1480.001.IDT_i7_162---IDT_i5_162.108,NFMFTule_2015_Centre_108
NS.1480.001.IDT_i7_163---IDT_i5_163.122,MillCreek_2010_South_122
NS.1480.001.IDT_i7_164---IDT_i5_164.134,MillCreek_2013_South_134
NS.1480.001.IDT_i7_165---IDT_i5_165.142,MillCreek_2015_South_142
NS.1480.001.IDT_i7_166---IDT_i5_166.151,RockCreek_2010_North_151
NS.1480.001.IDT_i7_167---IDT_i5_167.88,NFMFTule_2011_Centre_88
NS.1480.001.IDT_i7_17---IDT_i5_17.201,ONeilCreek_2014_North_201
NS.1480.001.IDT_i7_170---IDT_i5_170.127,MillCreek_2011_South_127
NS.1480.001.IDT_i7_172---IDT_i5_172.92,NFMFTule_2012_Centre_92
NS.1480.001.IDT_i7_173---IDT_i5_173.101,NFMFTule_2014_Centre_101
NS.1480.001.IDT_i7_174---IDT_i5_174.109,NFMFTule_2015_Centre_109
NS.1480.001.IDT_i7_175---IDT_i5_175.123,MillCreek_2010_South_123
NS.1480.001.IDT_i7_176---IDT_i5_176.135,MillCreek_2013_South_135
NS.1480.001.IDT_i7_177---IDT_i5_177.143,MillCreek_2015_South_143
NS.1480.001.IDT_i7_178---IDT_i5_178.152,RockCreek_2010_North_152
NS.1480.001.IDT_i7_179---IDT_i5_179.89,NFMFTule_2011_Centre_89
NS.1480.001.IDT_i7_18---IDT_i5_18.210,ONeilCreek_2015_North_210
NS.1480.001.IDT_i7_182---IDT_i5_182.133,MillCreek_2013_South_133
NS.1480.001.IDT_i7_185---IDT_i5_185.102,NFMFTule_2014_Centre_102
NS.1480.001.IDT_i7_186---IDT_i5_186.110,NFMFTule_2015_Centre_110
NS.1480.001.IDT_i7_187---IDT_i5_187.124,MillCreek_2010_South_124
NS.1480.001.IDT_i7_188---IDT_i5_188.136,MillCreek_2013_South_136
NS.1480.001.IDT_i7_189---IDT_i5_189.144,MillCreek_2016_South_144
NS.1480.001.IDT_i7_19---IDT_i5_19.219,ONeilCreek_2016_North_219
NS.1480.001.IDT_i7_190---IDT_i5_190.153,RockCreek_2010_North_153
NS.1480.001.IDT_i7_191---IDT_i5_191.20,Sweetwater_2012_South_20
NS.1480.001.IDT_i7_2---IDT_i5_2.366,DeerCreek_2014_North_366
NS.1480.001.IDT_i7_20---IDT_i5_20.228,DeepCreek_2015_North_228
NS.1480.001.IDT_i7_21---IDT_i5_21.236,DeepCreek_2016_North_236
NS.1480.001.IDT_i7_22---IDT_i5_22.245,LittleJameson_2010_Centre_245
NS.1480.001.IDT_i7_23---IDT_i5_23.729,RainbowPool_2009__729
NS.1480.001.IDT_i7_24---IDT_i5_24.779,ShastaCostaCreek_2008__779
NS.1480.001.IDT_i7_25---IDT_i5_25.356,DeerCreek_2012_North_356
NS.1480.001.IDT_i7_26---IDT_i5_26.368,DeerCreek_2015_North_368
NS.1480.001.IDT_i7_27---IDT_i5_27.741,Redwoods_2010_Centre_741
NS.1480.001.IDT_i7_28---IDT_i5_28.780,SlateCreek_2008__780
NS.1480.001.IDT_i7_29---IDT_i5_29.202,ONeilCreek_2014_North_202
NS.1480.001.IDT_i7_3---IDT_i5_3.727,RainbowPool_2009__727
NS.1480.001.IDT_i7_30---IDT_i5_30.211,ONeilCreek_2016_North_211
NS.1480.001.IDT_i7_31---IDT_i5_31.221,DeepCreek_2011_North_221
NS.1480.001.IDT_i7_32---IDT_i5_32.229,DeepCreek_2015_North_229
NS.1480.001.IDT_i7_33---IDT_i5_33.237,DeepCreek_2016_North_237
NS.1480.001.IDT_i7_34---IDT_i5_34.246,LittleJameson_2010_Centre_246
NS.1480.001.IDT_i7_35---IDT_i5_35.733,Redwoods_2010_Centre_733
NS.1480.001.IDT_i7_36---IDT_i5_36.781,SlateCreek_2008__781
NS.1480.001.IDT_i7_37---IDT_i5_37.357,DeerCreek_2012_North_357
NS.1480.001.IDT_i7_38---IDT_i5_38.369,DeerCreek_2015_North_369
NS.1480.001.IDT_i7_39---IDT_i5_39.742,Redwoods_2010_Centre_742
NS.1480.001.IDT_i7_4---IDT_i5_4.776,SalmonRiver9_2009__776
NS.1480.001.IDT_i7_40---IDT_i5_40.783,SlateCreek_2008__783
NS.1480.001.IDT_i7_41---IDT_i5_41.203,ONeilCreek_2014_North_203
NS.1480.001.IDT_i7_42---IDT_i5_42.212,ONeilCreek_2016_North_212
NS.1480.001.IDT_i7_43---IDT_i5_43.222,DeepCreek_2011_North_222
NS.1480.001.IDT_i7_44---IDT_i5_44.230,DeepCreek_2015_North_230
NS.1480.001.IDT_i7_45---IDT_i5_45.238,DeepCreek_2016_North_238
NS.1480.001.IDT_i7_46---IDT_i5_46.247,LittleJameson_2010_Centre_247
NS.1480.001.IDT_i7_47---IDT_i5_47.754,RockCreek_2010_North_754
NS.1480.001.IDT_i7_48---IDT_i5_48.782,SlateCreek_2008__782
NS.1480.001.IDT_i7_49---IDT_i5_49.358,DeerCreek_2012_North_358
NS.1480.001.IDT_i7_5---IDT_i5_5.200,ONeilCreek_2014_North_200
NS.1480.001.IDT_i7_50---IDT_i5_50.370,DeerCreek_2015_North_370
NS.1480.001.IDT_i7_51---IDT_i5_51.743,Redwoods_2010_Centre_743
NS.1480.001.IDT_i7_52---IDT_i5_52.196,ONeilCreek_2013_North_196
NS.1480.001.IDT_i7_53---IDT_i5_53.204,ONeilCreek_2015_North_204
NS.1480.001.IDT_i7_54---IDT_i5_54.213,ONeilCreek_2016_North_213
NS.1480.001.IDT_i7_55---IDT_i5_55.223,DeepCreek_2011_North_223
NS.1480.001.IDT_i7_56---IDT_i5_56.231,DeepCreek_2016_North_231
NS.1480.001.IDT_i7_57---IDT_i5_57.239,DeepCreek_2016_North_239
NS.1480.001.IDT_i7_58---IDT_i5_58.249,LittleJameson_2012_Centre_249
NS.1480.001.IDT_i7_59---IDT_i5_59.770,SalmonRiver3_2009__770
NS.1480.001.IDT_i7_6---IDT_i5_6.209,ONeilCreek_2015_North_209
NS.1480.001.IDT_i7_60---IDT_i5_60.206,ONeilCreek_2015_North_206
NS.1480.001.IDT_i7_61---IDT_i5_61.359,DeerCreek_2012_North_359
NS.1480.001.IDT_i7_62---IDT_i5_62.371,DeerCreek_2015_North_371
NS.1480.001.IDT_i7_63---IDT_i5_63.769,SalmonRiver2_2009__769
NS.1480.001.IDT_i7_64---IDT_i5_64.197,ONeilCreek_2013_North_197
NS.1480.001.IDT_i7_65---IDT_i5_65.205,ONeilCreek_2015_North_205
NS.1480.001.IDT_i7_66---IDT_i5_66.214,ONeilCreek_2016_North_214
NS.1480.001.IDT_i7_67---IDT_i5_67.224,DeepCreek_2011_North_224
NS.1480.001.IDT_i7_68---IDT_i5_68.232,DeepCreek_2016_North_232
NS.1480.001.IDT_i7_69---IDT_i5_69.240,LittleJameson_2010_Centre_240
NS.1480.001.IDT_i7_7---IDT_i5_7.218,ONeilCreek_2016_North_218
NS.1480.001.IDT_i7_70---IDT_i5_70.253,LittleJameson_2012_Centre_253
NS.1480.001.IDT_i7_71---IDT_i5_71.771,SalmonRiver4_2009__771
NS.1480.001.IDT_i7_72---IDT_i5_72.217,ONeilCreek_2016_North_217
NS.1480.001.IDT_i7_73---IDT_i5_73.362,DeerCreek_2014_North_362
NS.1480.001.IDT_i7_75---IDT_i5_75.774,SalmonRiver7_2009__774
NS.1480.001.IDT_i7_76---IDT_i5_76.198,ONeilCreek_2013_North_198
NS.1480.001.IDT_i7_77---IDT_i5_77.207,ONeilCreek_2015_North_207
NS.1480.001.IDT_i7_78---IDT_i5_78.215,ONeilCreek_2016_North_215
NS.1480.001.IDT_i7_79---IDT_i5_79.225,DeepCreek_2014_North_225
NS.1480.001.IDT_i7_8---IDT_i5_8.227,DeepCreek_2015_North_227
NS.1480.001.IDT_i7_80---IDT_i5_80.233,DeepCreek_2016_North_233
NS.1480.001.IDT_i7_81---IDT_i5_81.242,LittleJameson_2010_Centre_242
NS.1480.001.IDT_i7_82---IDT_i5_82.254,LittleJameson_2012_Centre_254
NS.1480.001.IDT_i7_83---IDT_i5_83.772,SalmonRiver5_2009__772
NS.1480.001.IDT_i7_84---IDT_i5_84.220,ONeilCreek_2016_North_220
NS.1480.001.IDT_i7_85---IDT_i5_85.363,DeerCreek_2014_North_363
NS.1480.001.IDT_i7_87---IDT_i5_87.775,SalmonRiver8_2009__775
NS.1480.001.IDT_i7_88---IDT_i5_88.199,ONeilCreek_2014_North_199
NS.1480.001.IDT_i7_89---IDT_i5_89.208,ONeilCreek_2015_North_208
NS.1480.001.IDT_i7_9---IDT_i5_9.235,DeepCreek_2016_North_235
NS.1480.001.IDT_i7_90---IDT_i5_90.216,ONeilCreek_2016_North_216
NS.1480.001.IDT_i7_91---IDT_i5_91.226,DeepCreek_2015_North_226
NS.1480.001.IDT_i7_92---IDT_i5_92.234,DeepCreek_2016_North_234
NS.1480.001.IDT_i7_93---IDT_i5_93.243,LittleJameson_2010_Centre_243
NS.1480.001.IDT_i7_94---IDT_i5_94.256,LittleJameson_2013_Centre_256
NS.1480.001.IDT_i7_95---IDT_i5_95.773,SalmonRiver6_2009__773
NS.1480.001.IDT_i7_96---IDT_i5_96.241,LittleJameson_2010_Centre_241
NS.1480.001.IDT_i7_97---IDT_i5_97.55,WFMojave_2014_South_55
NS.1480.001.IDT_i7_98---IDT_i5_98.99,NFMFTule_2014_Centre_99
NS.1480.001.IDT_i7_99---IDT_i5_99.148,RockCreek_2010_North_148
NS.1481.002.IDT_i7_1---IDT_i5_1.162,RockCreek_2014_North_162
NS.1481.002.IDT_i7_10---IDT_i5_10.48,WFMojave_2014_South_48
NS.1481.002.IDT_i7_100---IDT_i5_100.647,NorthFeatherChipsCreek_2009__647
NS.1481.002.IDT_i7_101---IDT_i5_101.724,ParadiseCreek_2010__724
NS.1481.002.IDT_i7_102---IDT_i5_102.504,DuncanCreek_2009__504
NS.1481.002.IDT_i7_103---IDT_i5_103.543,HoneyCreek_2007__543
NS.1481.002.IDT_i7_104---IDT_i5_104.523,HauserCreek_2010__523
NS.1481.002.IDT_i7_105---IDT_i5_105.549,KitchenCreek_2010__549
NS.1481.002.IDT_i7_106---IDT_i5_106.581,LittleNorthForkMiddleForkFeather_2010__581
NS.1481.002.IDT_i7_107---IDT_i5_107.622,NFStanislaus_2010__622
NS.1481.002.IDT_i7_108---IDT_i5_108.646,NorthFeatherChipsCreek_2009__646
NS.1481.002.IDT_i7_109---IDT_i5_109.480,CreektoRubicon_2009__480
NS.1481.002.IDT_i7_11---IDT_i5_11.59,WFMojave_2015_South_59
NS.1481.002.IDT_i7_110---IDT_i5_110.545,KitchenCreek_2010__545
NS.1481.002.IDT_i7_111---IDT_i5_111.616,MillCreek_2010_South_616
NS.1481.002.IDT_i7_112---IDT_i5_112.649,NorthFeatherChipsCreek_2009__649
NS.1481.002.IDT_i7_113---IDT_i5_113.725,RainbowPool_2009__725
NS.1481.002.IDT_i7_114---IDT_i5_114.505,DuncanCreek_2009__505
NS.1481.002.IDT_i7_115---IDT_i5_115.544,KitchenCreek_2010__544
NS.1481.002.IDT_i7_116---IDT_i5_116.524,HauserCreek_2010__524
NS.1481.002.IDT_i7_117---IDT_i5_117.550,KitchenCreek_2010__550
NS.1481.002.IDT_i7_118---IDT_i5_118.630,NFStanislaus_2010__630
NS.1481.002.IDT_i7_119---IDT_i5_119.623,NFStanislaus_2010__623
NS.1481.002.IDT_i7_12---IDT_i5_12.68,Redwoods_2011_Centre_68
NS.1481.002.IDT_i7_120---IDT_i5_120.648,NorthFeatherChipsCreek_2009__648
NS.1481.002.IDT_i7_121---IDT_i5_121.481,CreektoRubicon_2009__481
NS.1481.002.IDT_i7_122---IDT_i5_122.525,HauserCreek_2010__525
NS.1481.002.IDT_i7_123---IDT_i5_123.627,NFStanislaus_2010__627
NS.1481.002.IDT_i7_124---IDT_i5_124.665,NFMFTule_2010_Centre_665
NS.1481.002.IDT_i7_125---IDT_i5_125.662,NFMFTule_2010_Centre_662
NS.1481.002.IDT_i7_126---IDT_i5_126.506,DuncanCreek_2009__506
NS.1481.002.IDT_i7_127---IDT_i5_127.516,FiddleCreek_2010__516
NS.1481.002.IDT_i7_128---IDT_i5_128.527,HauserCreek_2010__527
NS.1481.002.IDT_i7_129---IDT_i5_129.553,KitchenCreek_2010__553
NS.1481.002.IDT_i7_13---IDT_i5_13.163,RockCreek_2014_North_163
NS.1481.002.IDT_i7_130---IDT_i5_130.631,NFStanislaus_2010__631
NS.1481.002.IDT_i7_131---IDT_i5_131.624,NFStanislaus_2010__624
NS.1481.002.IDT_i7_132---IDT_i5_132.650,NorthFeatherChipsCreek_2009__650
NS.1481.002.IDT_i7_133---IDT_i5_133.482,CreektoRubicon_2009__482
NS.1481.002.IDT_i7_134---IDT_i5_134.551,KitchenCreek_2010__551
NS.1481.002.IDT_i7_135---IDT_i5_135.628,NFStanislaus_2010__628
NS.1481.002.IDT_i7_136---IDT_i5_136.666,NFMFTule_2010_Centre_666
NS.1481.002.IDT_i7_137---IDT_i5_137.498,DeerFlatCreek_2010__498
NS.1481.002.IDT_i7_138---IDT_i5_138.508,DuncanCreek_2009__508
NS.1481.002.IDT_i7_139---IDT_i5_139.517,FiddleCreek_2010__517
NS.1481.002.IDT_i7_14---IDT_i5_14.172,RockCreek_2015_North_172
NS.1481.002.IDT_i7_140---IDT_i5_140.528,HauserCreek_2010__528
NS.1481.002.IDT_i7_141---IDT_i5_141.582,ManzanaCreek_2010__582
NS.1481.002.IDT_i7_142---IDT_i5_142.615,MillCreek_2010_South_615
NS.1481.002.IDT_i7_143---IDT_i5_143.626,NFStanislaus_2010__626
NS.1481.002.IDT_i7_144---IDT_i5_144.651,NorthFeatherChipsCreek_2009__651
NS.1481.002.IDT_i7_145---IDT_i5_145.483,CreektoRubicon_2009__483
NS.1481.002.IDT_i7_146---IDT_i5_146.552,KitchenCreek_2010__552
NS.1481.002.IDT_i7_147---IDT_i5_147.638,NicasioCreek_2009__638
NS.1481.002.IDT_i7_148---IDT_i5_148.942,CottonwoodCreek_2010__942
NS.1481.002.IDT_i7_149---IDT_i5_149.500,DeerFlatCreek_2010__500
NS.1481.002.IDT_i7_150---IDT_i5_150.509,DuncanCreek_2009__509
NS.1481.002.IDT_i7_151---IDT_i5_151.519,FivemileCreek_2010__519
NS.1481.002.IDT_i7_152---IDT_i5_152.529,HauserCreek_2010__529
NS.1481.002.IDT_i7_153---IDT_i5_153.575,LittleNorthForkMiddleForkFeather_2010__575
NS.1481.002.IDT_i7_154---IDT_i5_154.617,NorthForkUmpqua_2007__617
NS.1481.002.IDT_i7_155---IDT_i5_155.640,NicasioCreek_2009__640
NS.1481.002.IDT_i7_156---IDT_i5_156.653,NorthFeatherChipsCreek_2009__653
NS.1481.002.IDT_i7_157---IDT_i5_157.484,CreektoRubicon_2009__484
NS.1481.002.IDT_i7_158---IDT_i5_158.583,ManzanaCreek_2010__583
NS.1481.002.IDT_i7_159---IDT_i5_159.639,NicasioCreek_2009__639
NS.1481.002.IDT_i7_16---IDT_i5_16.6,Sweetwater_2010_South_6
NS.1481.002.IDT_i7_160---IDT_i5_160.720,ParadiseCreek_2010__720
NS.1481.002.IDT_i7_161---IDT_i5_161.501,DuncanCreek_2009__501
NS.1481.002.IDT_i7_162---IDT_i5_162.510,DuncanCreek_2009__510
NS.1481.002.IDT_i7_163---IDT_i5_163.520,HauserCreek_2010__520
NS.1481.002.IDT_i7_164---IDT_i5_164.546,KitchenCreek_2010__546
NS.1481.002.IDT_i7_165---IDT_i5_165.577,LittleNorthForkMiddleForkFeather_2010__577
NS.1481.002.IDT_i7_166---IDT_i5_166.618,NorthForkUmpqua_2007__618
NS.1481.002.IDT_i7_167---IDT_i5_167.642,NicasioCreek_2009__642
NS.1481.002.IDT_i7_168---IDT_i5_168.664,NFMFTule_2010_Centre_664
NS.1481.002.IDT_i7_169---IDT_i5_169.485,CreektoRubicon_2009__485
NS.1481.002.IDT_i7_17---IDT_i5_17.74,Redwoods_2012_Centre_74
NS.1481.002.IDT_i7_170---IDT_i5_170.812,TenayaCreekYosemite_2008__812
NS.1481.002.IDT_i7_171---IDT_i5_171.641,NicasioCreek_2009__641
NS.1481.002.IDT_i7_172---IDT_i5_172.722,ParadiseCreek_2010__722
NS.1481.002.IDT_i7_173---IDT_i5_173.502,DuncanCreek_2009__502
NS.1481.002.IDT_i7_174---IDT_i5_174.941,CottonwoodCreek_2010__941
NS.1481.002.IDT_i7_175---IDT_i5_175.521,HauserCreek_2010__521
NS.1481.002.IDT_i7_176---IDT_i5_176.547,KitchenCreek_2010__547
NS.1481.002.IDT_i7_177---IDT_i5_177.576,LittleNorthForkMiddleForkFeather_2010__576
NS.1481.002.IDT_i7_178---IDT_i5_178.619,NorthForkUmpqua_2007__619
NS.1481.002.IDT_i7_179---IDT_i5_179.644,NorthFeatherChipsCreek_2009__644
NS.1481.002.IDT_i7_18---IDT_i5_18.9,Sweetwater_2011_South_9
NS.1481.002.IDT_i7_180---IDT_i5_180.667,NFMFTule_2010_Centre_667
NS.1481.002.IDT_i7_181---IDT_i5_181.486,CreektoRubicon_2009__486
NS.1481.002.IDT_i7_182---IDT_i5_182.629,NFStanislaus_2010__629
NS.1481.002.IDT_i7_183---IDT_i5_183.643,NorthFeatherChipsCreek_2009__643
NS.1481.002.IDT_i7_184---IDT_i5_184.723,ParadiseCreek_2010__723
NS.1481.002.IDT_i7_185---IDT_i5_185.503,DuncanCreek_2009__503
NS.1481.002.IDT_i7_186---IDT_i5_186.542,HoneyCreek_2007__542
NS.1481.002.IDT_i7_187---IDT_i5_187.522,HauserCreek_2010__522
NS.1481.002.IDT_i7_188---IDT_i5_188.548,KitchenCreek_2010__548
NS.1481.002.IDT_i7_189---IDT_i5_189.579,LittleNorthForkMiddleForkFeather_2010__579
NS.1481.002.IDT_i7_19---IDT_i5_19.18,Sweetwater_2012_South_18
NS.1481.002.IDT_i7_190---IDT_i5_190.621,NFStanislaus_2010__621
NS.1481.002.IDT_i7_191---IDT_i5_191.645,NorthFeatherChipsCreek_2009__645
NS.1481.002.IDT_i7_192---IDT_i5_192.672,ONeilCreek_2010_North_672
NS.1481.002.IDT_i7_2---IDT_i5_2.171,RockCreek_2015_North_171
NS.1481.002.IDT_i7_21---IDT_i5_21.41,WFMojave_2010_South_41
NS.1481.002.IDT_i7_22---IDT_i5_22.50,WFMojave_2014_South_50
NS.1481.002.IDT_i7_23---IDT_i5_23.60,WFMojave_2015_South_60
NS.1481.002.IDT_i7_24---IDT_i5_24.70,Redwoods_2012_Centre_70
NS.1481.002.IDT_i7_25---IDT_i5_25.164,RockCreek_2015_North_164
NS.1481.002.IDT_i7_26---IDT_i5_26.173,RockCreek_2015_North_173
NS.1481.002.IDT_i7_28---IDT_i5_28.27,Sweetwater_2013_South_27
NS.1481.002.IDT_i7_29---IDT_i5_29.1,Sweetwater_2010_South_1
NS.1481.002.IDT_i7_30---IDT_i5_30.10,Sweetwater_2011_South_10
NS.1481.002.IDT_i7_31---IDT_i5_31.19,Sweetwater_2012_South_19
NS.1481.002.IDT_i7_32---IDT_i5_32.30,Sweetwater_2014_South_30
NS.1481.002.IDT_i7_34---IDT_i5_34.51,WFMojave_2014_South_51
NS.1481.002.IDT_i7_35---IDT_i5_35.61,WFMojave_2015_South_61
NS.1481.002.IDT_i7_36---IDT_i5_36.71,Redwoods_2012_Centre_71
NS.1481.002.IDT_i7_37---IDT_i5_37.165,RockCreek_2015_North_165
NS.1481.002.IDT_i7_38---IDT_i5_38.174,RockCreek_2016_North_174
NS.1481.002.IDT_i7_40---IDT_i5_40.28,Sweetwater_2014_South_28
NS.1481.002.IDT_i7_42---IDT_i5_42.12,Sweetwater_2011_South_12
NS.1481.002.IDT_i7_45---IDT_i5_45.43,WFMojave_2011_South_43
NS.1481.002.IDT_i7_46---IDT_i5_46.52,WFMojave_2014_South_52
NS.1481.002.IDT_i7_47---IDT_i5_47.63,WFMojave_2015_South_63
NS.1481.002.IDT_i7_48---IDT_i5_48.72,Redwoods_2012_Centre_72
NS.1481.002.IDT_i7_49---IDT_i5_49.166,RockCreek_2015_North_166
NS.1481.002.IDT_i7_5---IDT_i5_5.69,Redwoods_2011_Centre_69
NS.1481.002.IDT_i7_50---IDT_i5_50.175,RockCreek_2016_North_175
NS.1481.002.IDT_i7_52---IDT_i5_52.33,Sweetwater_2014_South_33
NS.1481.002.IDT_i7_53---IDT_i5_53.3,Sweetwater_2010_South_3
NS.1481.002.IDT_i7_54---IDT_i5_54.13,Sweetwater_2011_South_13
NS.1481.002.IDT_i7_55---IDT_i5_55.22,Sweetwater_2013_South_22
NS.1481.002.IDT_i7_56---IDT_i5_56.35,Sweetwater_2014_South_35
NS.1481.002.IDT_i7_57---IDT_i5_57.44,WFMojave_2011_South_44
NS.1481.002.IDT_i7_58---IDT_i5_58.53,WFMojave_2014_South_53
NS.1481.002.IDT_i7_59---IDT_i5_59.64,WFMojave_2015_South_64
NS.1481.002.IDT_i7_6---IDT_i5_6.8,Sweetwater_2010_South_8
NS.1481.002.IDT_i7_60---IDT_i5_60.73,Redwoods_2012_Centre_73
NS.1481.002.IDT_i7_61---IDT_i5_61.167,RockCreek_2015_North_167
NS.1481.002.IDT_i7_62---IDT_i5_62.176,RockCreek_2016_North_176
NS.1481.002.IDT_i7_64---IDT_i5_64.34,Sweetwater_2014_South_34
NS.1481.002.IDT_i7_68---IDT_i5_68.36,Sweetwater_2014_South_36
NS.1481.002.IDT_i7_69---IDT_i5_69.45,WFMojave_2011_South_45
NS.1481.002.IDT_i7_7---IDT_i5_7.17,Sweetwater_2012_South_17
NS.1481.002.IDT_i7_70---IDT_i5_70.54,WFMojave_2014_South_54
NS.1481.002.IDT_i7_71---IDT_i5_71.65,WFMojave_2016_South_65
NS.1481.002.IDT_i7_72---IDT_i5_72.75,Redwoods_2012_Centre_75
NS.1481.002.IDT_i7_76---IDT_i5_76.39,WFMojave_2010_South_39
NS.1481.002.IDT_i7_77---IDT_i5_77.5,Sweetwater_2010_South_5
NS.1481.002.IDT_i7_78---IDT_i5_78.15,Sweetwater_2011_South_15
NS.1481.002.IDT_i7_79---IDT_i5_79.24,Sweetwater_2013_South_24
NS.1481.002.IDT_i7_8---IDT_i5_8.26,Sweetwater_2013_South_26
NS.1481.002.IDT_i7_80---IDT_i5_80.37,Sweetwater_2014_South_37
NS.1481.002.IDT_i7_83---IDT_i5_83.66,WFMojave_2016_South_66
NS.1481.002.IDT_i7_85---IDT_i5_85.169,RockCreek_2015_North_169
NS.1481.002.IDT_i7_88---IDT_i5_88.49,WFMojave_2014_South_49
NS.1481.002.IDT_i7_89---IDT_i5_89.7,Sweetwater_2010_South_7
NS.1481.002.IDT_i7_90---IDT_i5_90.16,Sweetwater_2012_South_16
NS.1481.002.IDT_i7_91---IDT_i5_91.25,Sweetwater_2013_South_25
NS.1481.002.IDT_i7_92---IDT_i5_92.38,WFMojave_2010_South_38
NS.1481.002.IDT_i7_93---IDT_i5_93.47,WFMojave_2011_South_47
NS.1481.002.IDT_i7_94---IDT_i5_94.57,WFMojave_2014_South_57
NS.1481.002.IDT_i7_95---IDT_i5_95.67,WFMojave_2016_South_67
NS.1481.002.IDT_i7_97---IDT_i5_97.479,CowCreek_2008__479
NS.1481.002.IDT_i7_98---IDT_i5_98.507,DuncanCreek_2009__507
NS.1481.002.IDT_i7_99---IDT_i5_99.614,MillCreek_2010_South_614
NS.1489.004.IDT_i7_184---IDT_i5_184.93,NFMFTule_2013_Centre_93
NS.1493.003.IDT_i7_10---IDT_i5_10.431,ChariotCanyon_2010__431
NS.1493.003.IDT_i7_100---IDT_i5_100.186,ONeilCreek_2010_North_186
NS.1493.003.IDT_i7_101---IDT_i5_101.194,ONeilCreek_2012_North_194
NS.1493.003.IDT_i7_102---IDT_i5_102.347,DeerCreek_2011_North_347
NS.1493.003.IDT_i7_103---IDT_i5_103.293,OregonCreek_2014_Centre_293
NS.1493.003.IDT_i7_104---IDT_i5_104.304,OregonCreek_2016_Centre_304
NS.1493.003.IDT_i7_105---IDT_i5_105.313,Wawona_2012_Centre_313
NS.1493.003.IDT_i7_106---IDT_i5_106.321,Wawona_2012_Centre_321
NS.1493.003.IDT_i7_107---IDT_i5_107.329,Wawona_2015_Centre_329
NS.1493.003.IDT_i7_108---IDT_i5_108.340,DeerCreek_2011_North_340
NS.1493.003.IDT_i7_109---IDT_i5_109.250,LittleJameson_2012_Centre_250
NS.1493.003.IDT_i7_11---IDT_i5_11.441,CherokeeCreek_2010__441
NS.1493.003.IDT_i7_111---IDT_i5_111.178,RockCreek_2016_North_178
NS.1493.003.IDT_i7_112---IDT_i5_112.187,ONeilCreek_2010_North_187
NS.1493.003.IDT_i7_113---IDT_i5_113.195,ONeilCreek_2012_North_195
NS.1493.003.IDT_i7_116---IDT_i5_116.305,Wawona_2010_Centre_305
NS.1493.003.IDT_i7_117---IDT_i5_117.314,Wawona_2012_Centre_314
NS.1493.003.IDT_i7_118---IDT_i5_118.322,Wawona_2014_Centre_322
NS.1493.003.IDT_i7_119---IDT_i5_119.332,Wawona_2015_Centre_332
NS.1493.003.IDT_i7_12---IDT_i5_12.462,CoastForkWillamette_2009__462
NS.1493.003.IDT_i7_120---IDT_i5_120.341,DeerCreek_2011_North_341
NS.1493.003.IDT_i7_121---IDT_i5_121.251,LittleJameson_2012_Centre_251
NS.1493.003.IDT_i7_122---IDT_i5_122.489,CreektoRubicon_2009__489
NS.1493.003.IDT_i7_123---IDT_i5_123.180,RockCreek_2016_North_180
NS.1493.003.IDT_i7_124---IDT_i5_124.188,ONeilCreek_2010_North_188
NS.1493.003.IDT_i7_125---IDT_i5_125.296,OregonCreek_2014_Centre_296
NS.1493.003.IDT_i7_126---IDT_i5_126.355,DeerCreek_2012_North_355
NS.1493.003.IDT_i7_127---IDT_i5_127.295,OregonCreek_2014_Centre_295
NS.1493.003.IDT_i7_128---IDT_i5_128.306,Wawona_2010_Centre_306
NS.1493.003.IDT_i7_129---IDT_i5_129.315,Wawona_2012_Centre_315
NS.1493.003.IDT_i7_130---IDT_i5_130.323,Wawona_2014_Centre_323
NS.1493.003.IDT_i7_131---IDT_i5_131.334,Wawona_2016_Centre_334
NS.1493.003.IDT_i7_133---IDT_i5_133.252,LittleJameson_2012_Centre_252
NS.1493.003.IDT_i7_134---IDT_i5_134.657,NorthForkseep_2008__657
NS.1493.003.IDT_i7_135---IDT_i5_135.181,RockCreek_2016_North_181
NS.1493.003.IDT_i7_136---IDT_i5_136.189,ONeilCreek_2010_North_189
NS.1493.003.IDT_i7_137---IDT_i5_137.309,Wawona_2010_Centre_309
NS.1493.003.IDT_i7_138---IDT_i5_138.360,DeerCreek_2014_North_360
NS.1493.003.IDT_i7_139---IDT_i5_139.297,OregonCreek_2014_Centre_297
NS.1493.003.IDT_i7_140---IDT_i5_140.307,Wawona_2010_Centre_307
NS.1493.003.IDT_i7_141---IDT_i5_141.316,Wawona_2012_Centre_316
NS.1493.003.IDT_i7_142---IDT_i5_142.324,Wawona_2014_Centre_324
NS.1493.003.IDT_i7_143---IDT_i5_143.335,Wawona_2016_Centre_335
NS.1493.003.IDT_i7_145---IDT_i5_145.255,LittleJameson_2012_Centre_255
NS.1493.003.IDT_i7_146---IDT_i5_146.658,NorthForkseep_2008__658
NS.1493.003.IDT_i7_147---IDT_i5_147.182,RockCreek_2016_North_182
NS.1493.003.IDT_i7_148---IDT_i5_148.190,ONeilCreek_2010_North_190
NS.1493.003.IDT_i7_149---IDT_i5_149.330,Wawona_2015_Centre_330
NS.1493.003.IDT_i7_15---IDT_i5_15.374,DeerCreek_2015_North_374
NS.1493.003.IDT_i7_150---IDT_i5_150.361,DeerCreek_2014_North_361
NS.1493.003.IDT_i7_151---IDT_i5_151.298,OregonCreek_2014_Centre_298
NS.1493.003.IDT_i7_152---IDT_i5_152.308,Wawona_2010_Centre_308
NS.1493.003.IDT_i7_153---IDT_i5_153.317,Wawona_2012_Centre_317
NS.1493.003.IDT_i7_154---IDT_i5_154.325,Wawona_2014_Centre_325
NS.1493.003.IDT_i7_155---IDT_i5_155.336,Wawona_2016_Centre_336
NS.1493.003.IDT_i7_157---IDT_i5_157.258,LittleJameson_2013_Centre_258
NS.1493.003.IDT_i7_158---IDT_i5_158.659,NorthForkseep_2008__659
NS.1493.003.IDT_i7_159---IDT_i5_159.183,RockCreek_2016_North_183
NS.1493.003.IDT_i7_16---IDT_i5_16.388,ArroyoSequit_2010__388
NS.1493.003.IDT_i7_160---IDT_i5_160.191,ONeilCreek_2010_North_191
NS.1493.003.IDT_i7_161---IDT_i5_161.331,Wawona_2015_Centre_331
NS.1493.003.IDT_i7_162---IDT_i5_162.364,DeerCreek_2014_North_364
NS.1493.003.IDT_i7_163---IDT_i5_163.299,OregonCreek_2014_Centre_299
NS.1493.003.IDT_i7_164---IDT_i5_164.310,Wawona_2010_Centre_310
NS.1493.003.IDT_i7_165---IDT_i5_165.318,Wawona_2012_Centre_318
NS.1493.003.IDT_i7_166---IDT_i5_166.326,Wawona_2014_Centre_326
NS.1493.003.IDT_i7_167---IDT_i5_167.337,Wawona_2016_Centre_337
NS.1493.003.IDT_i7_168---IDT_i5_168.349,DeerCreek_2011_North_349
NS.1493.003.IDT_i7_169---IDT_i5_169.259,LittleJameson_2013_Centre_259
NS.1493.003.IDT_i7_17---IDT_i5_17.383,DeerCreek_2016_North_383
NS.1493.003.IDT_i7_171---IDT_i5_171.184,ONeilCreek_2010_North_184
NS.1493.003.IDT_i7_172---IDT_i5_172.192,ONeilCreek_2012_North_192
NS.1493.003.IDT_i7_173---IDT_i5_173.333,Wawona_2015_Centre_333
NS.1493.003.IDT_i7_174---IDT_i5_174.365,DeerCreek_2014_North_365
NS.1493.003.IDT_i7_175---IDT_i5_175.300,OregonCreek_2014_Centre_300
NS.1493.003.IDT_i7_176---IDT_i5_176.311,Wawona_2010_Centre_311
NS.1493.003.IDT_i7_177---IDT_i5_177.319,Wawona_2012_Centre_319
NS.1493.003.IDT_i7_178---IDT_i5_178.327,Wawona_2014_Centre_327
NS.1493.003.IDT_i7_179---IDT_i5_179.338,Wawona_2016_Centre_338
NS.1493.003.IDT_i7_18---IDT_i5_18.656,NorthForkseep_2008__656
NS.1493.003.IDT_i7_180---IDT_i5_180.350,DeerCreek_2012_North_350
NS.1493.003.IDT_i7_183---IDT_i5_183.185,ONeilCreek_2010_North_185
NS.1493.003.IDT_i7_184---IDT_i5_184.193,ONeilCreek_2012_North_193
NS.1493.003.IDT_i7_185---IDT_i5_185.345,DeerCreek_2011_North_345
NS.1493.003.IDT_i7_186---IDT_i5_186.372,DeerCreek_2015_North_372
NS.1493.003.IDT_i7_187---IDT_i5_187.302,OregonCreek_2015_Centre_302
NS.1493.003.IDT_i7_188---IDT_i5_188.312,Wawona_2012_Centre_312
NS.1493.003.IDT_i7_189---IDT_i5_189.320,Wawona_2012_Centre_320
NS.1493.003.IDT_i7_19---IDT_i5_19.398,BearCreek _2009__398
NS.1493.003.IDT_i7_190---IDT_i5_190.328,Wawona_2015_Centre_328
NS.1493.003.IDT_i7_191---IDT_i5_191.339,Wawona_2016_Centre_339
NS.1493.003.IDT_i7_192---IDT_i5_192.352,DeerCreek_2012_North_352
NS.1493.003.IDT_i7_20---IDT_i5_20.410,CampCreek2_2009__410
NS.1493.003.IDT_i7_21---IDT_i5_21.420,CarberryCreek_2009__420
NS.1493.003.IDT_i7_22---IDT_i5_22.432,ChariotCanyon_2010__432
NS.1493.003.IDT_i7_23---IDT_i5_23.444,CherokeeCreek_2010__444
NS.1493.003.IDT_i7_24---IDT_i5_24.463,CoastForkWillamette_2009__463
NS.1493.003.IDT_i7_27---IDT_i5_27.376,DeerCreek_2015_North_376
NS.1493.003.IDT_i7_28---IDT_i5_28.389,ArroyoSequit_2010__389
NS.1493.003.IDT_i7_29---IDT_i5_29.386,LittleJameson_2014_Centre_386
NS.1493.003.IDT_i7_3---IDT_i5_3.373,DeerCreek_2015_North_373
NS.1493.003.IDT_i7_30---IDT_i5_30.436,CherokeeCreek_2010__436
NS.1493.003.IDT_i7_31---IDT_i5_31.399,BearCreek _2009__399
NS.1493.003.IDT_i7_32---IDT_i5_32.411,CampCreek2_2009__411
NS.1493.003.IDT_i7_33---IDT_i5_33.421,CarberryCreek_2009__421
NS.1493.003.IDT_i7_34---IDT_i5_34.433,ChariotCanyon_2010__433
NS.1493.003.IDT_i7_35---IDT_i5_35.453,CherokeeCreek_2010__453
NS.1493.003.IDT_i7_36---IDT_i5_36.464,CoastForkWillamette_2009__464
NS.1493.003.IDT_i7_39---IDT_i5_39.377,DeerCreek_2016_North_377
NS.1493.003.IDT_i7_4---IDT_i5_4.385,DeerCreek_2016_North_385
NS.1493.003.IDT_i7_40---IDT_i5_40.390,ArroyoSequit_2010__390
NS.1493.003.IDT_i7_42---IDT_i5_42.446,CherokeeCreek_2010__446
NS.1493.003.IDT_i7_43---IDT_i5_43.401,BearCreek _2009__401
NS.1493.003.IDT_i7_45---IDT_i5_45.422,CarberryCreek_2009__422
NS.1493.003.IDT_i7_46---IDT_i5_46.434,ChariotCanyon_2010__434
NS.1493.003.IDT_i7_47---IDT_i5_47.454,CherokeeCreek_2010__454
NS.1493.003.IDT_i7_48---IDT_i5_48.466,CoastForkWillamette_2009__466
NS.1493.003.IDT_i7_5---IDT_i5_5.382,DeerCreek_2016_North_382
NS.1493.003.IDT_i7_51---IDT_i5_51.378,DeerCreek_2016_North_378
NS.1493.003.IDT_i7_52---IDT_i5_52.391,ArroyoSequit_2010__391
NS.1493.003.IDT_i7_53---IDT_i5_53.394,BakerCreek_2010__394
NS.1493.003.IDT_i7_54---IDT_i5_54.451,CherokeeCreek_2010__451
NS.1493.003.IDT_i7_55---IDT_i5_55.402,BearCreek _2009__402
NS.1493.003.IDT_i7_56---IDT_i5_56.414,CampCreek2_2009__414
NS.1493.003.IDT_i7_57---IDT_i5_57.423,CarberryCreek_2009__423
NS.1493.003.IDT_i7_58---IDT_i5_58.438,CherokeeCreek_2010__438
NS.1493.003.IDT_i7_59---IDT_i5_59.530,HauserCreek_2010__530
NS.1493.003.IDT_i7_6---IDT_i5_6.406,CampCreek2_2009__406
NS.1493.003.IDT_i7_60---IDT_i5_60.467,CoastForkWillamette_2009__467
NS.1493.003.IDT_i7_63---IDT_i5_63.379,DeerCreek_2016_North_379
NS.1493.003.IDT_i7_64---IDT_i5_64.392,BakerCreek_2010__392
NS.1493.003.IDT_i7_65---IDT_i5_65.400,BearCreek _2009__400
NS.1493.003.IDT_i7_66---IDT_i5_66.393,BakerCreek_2010__393
NS.1493.003.IDT_i7_67---IDT_i5_67.405,CampCreek2_2009__405
NS.1493.003.IDT_i7_68---IDT_i5_68.415,CampCreek2_2009__415
NS.1493.003.IDT_i7_69---IDT_i5_69.428,ChariotCanyon_2010__428
NS.1493.003.IDT_i7_7---IDT_i5_7.397,BakerCreek_2010__397
NS.1493.003.IDT_i7_70---IDT_i5_70.426,Carlon_2010__426
NS.1493.003.IDT_i7_71---IDT_i5_71.459,CoastForkWillamette_2009__459
NS.1493.003.IDT_i7_72---IDT_i5_72.468,CoastForkWillamette_2009__468
NS.1493.003.IDT_i7_75---IDT_i5_75.380,DeerCreek_2016_North_380
NS.1493.003.IDT_i7_76---IDT_i5_76.375,DeerCreek_2015_North_375
NS.1493.003.IDT_i7_77---IDT_i5_77.403,BuckMeadows_2010__403
NS.1493.003.IDT_i7_78---IDT_i5_78.395,BakerCreek_2010__395
NS.1493.003.IDT_i7_79---IDT_i5_79.407,CampCreek2_2009__407
NS.1493.003.IDT_i7_8---IDT_i5_8.409,CampCreek2_2009__409
NS.1493.003.IDT_i7_80---IDT_i5_80.417,CarberryCreek_2009__417
NS.1493.003.IDT_i7_81---IDT_i5_81.429,ChariotCanyon_2010__429
NS.1493.003.IDT_i7_82---IDT_i5_82.439,CherokeeCreek_2010__439
NS.1493.003.IDT_i7_83---IDT_i5_83.460,CoastForkWillamette_2009__460
NS.1493.003.IDT_i7_84---IDT_i5_84.469,CoastForkWillamette_2009__469
NS.1493.003.IDT_i7_87---IDT_i5_87.384,DeerCreek_2016_North_384
NS.1493.003.IDT_i7_88---IDT_i5_88.381,DeerCreek_2016_North_381
NS.1493.003.IDT_i7_89---IDT_i5_89.404,BuckMeadows_2010__404
NS.1493.003.IDT_i7_9---IDT_i5_9.419,CarberryCreek_2009__419
NS.1493.003.IDT_i7_90---IDT_i5_90.396,BakerCreek_2010__396
NS.1493.003.IDT_i7_91---IDT_i5_91.408,CampCreek2_2009__408
NS.1493.003.IDT_i7_92---IDT_i5_92.418,CarberryCreek_2009__418
NS.1493.003.IDT_i7_93---IDT_i5_93.430,ChariotCanyon_2010__430
NS.1493.003.IDT_i7_94---IDT_i5_94.440,CherokeeCreek_2010__440
NS.1493.003.IDT_i7_95---IDT_i5_95.461,CoastForkWillamette_2009__461
NS.1493.003.IDT_i7_96---IDT_i5_96.478,CottonwoodCreek_2010__478
NS.1493.003.IDT_i7_97---IDT_i5_97.248,LittleJameson_2012_Centre_248
NS.1493.003.IDT_i7_98---IDT_i5_98.487,CreektoRubicon_2009__487
NS.1493.003.IDT_i7_99---IDT_i5_99.177,RockCreek_2016_North_177
NS.1493.004.IDT_i7_1---IDT_i5_1.693,OregonCreek_2010_Centre_693
NS.1493.004.IDT_i7_10---IDT_i5_10.784,SmithRiver_2009__784
NS.1493.004.IDT_i7_100---IDT_i5_100.880,WrightsRoad_2009__880
NS.1493.004.IDT_i7_101---IDT_i5_101.888,YakimaWA_2006__888
NS.1493.004.IDT_i7_102---IDT_i5_102.2,Sweetwater_2010_South_2
NS.1493.004.IDT_i7_103---IDT_i5_103.42,WFMojave_2011_South_42
NS.1493.004.IDT_i7_104---IDT_i5_104.95,NFMFTule_2013_Centre_95
NS.1493.004.IDT_i7_105---IDT_i5_105.168,RockCreek_2015_North_168
NS.1493.004.IDT_i7_106---IDT_i5_106.287,OregonCreek_2010_Centre_287
NS.1493.004.IDT_i7_109---IDT_i5_109.828,UnknownCreekseepfeedingChiquitoCreek_2009__828
NS.1493.004.IDT_i7_11---IDT_i5_11.793,SouthFork_2009__793
NS.1493.004.IDT_i7_110---IDT_i5_110.849,WhitewaterCanyon_2010__849
NS.1493.004.IDT_i7_111---IDT_i5_111.873,WrightsRoad_2009__873
NS.1493.004.IDT_i7_112---IDT_i5_112.881,YakimaWA_2006__881
NS.1493.004.IDT_i7_113---IDT_i5_113.889,YakimaWA_2006__889
NS.1493.004.IDT_i7_115---IDT_i5_115.46,WFMojave_2011_South_46
NS.1493.004.IDT_i7_116---IDT_i5_116.104,NFMFTule_2014_Centre_104
NS.1493.004.IDT_i7_117---IDT_i5_117.294,OregonCreek_2014_Centre_294
NS.1493.004.IDT_i7_118---IDT_i5_118.940,CottonwoodCreek_2010__940
NS.1493.004.IDT_i7_12---IDT_i5_12.818,TribtoWForkMojaveRiver_2010__818
NS.1493.004.IDT_i7_121---IDT_i5_121.829,UnknownCreekseepfeedingChiquitoCreek_2009__829
NS.1493.004.IDT_i7_122---IDT_i5_122.850,WhitewaterCanyon_2010__850
NS.1493.004.IDT_i7_123---IDT_i5_123.874,WrightsRoad_2009__874
NS.1493.004.IDT_i7_124---IDT_i5_124.882,YakimaWA_2006__882
NS.1493.004.IDT_i7_125---IDT_i5_125.890,YakimaWA_2006__890
NS.1493.004.IDT_i7_126---IDT_i5_126.14,Sweetwater_2011_South_14
NS.1493.004.IDT_i7_127---IDT_i5_127.76,Redwoods_2012_Centre_76
NS.1493.004.IDT_i7_128---IDT_i5_128.106,NFMFTule_2015_Centre_106
NS.1493.004.IDT_i7_129---IDT_i5_129.351,DeerCreek_2012_North_351
NS.1493.004.IDT_i7_13---IDT_i5_13.700,OregonCreek_2010_Centre_700
NS.1493.004.IDT_i7_132---IDT_i5_132.343,DeerCreek_2011_North_343
NS.1493.004.IDT_i7_133---IDT_i5_133.830,UnknownCreekseepfeedingChiquitoCreek_2009__830
NS.1493.004.IDT_i7_134---IDT_i5_134.851,WhitewaterCanyon_2010__851
NS.1493.004.IDT_i7_135---IDT_i5_135.875,WrightsRoad_2009__875
NS.1493.004.IDT_i7_136---IDT_i5_136.883,YakimaWA_2006__883
NS.1493.004.IDT_i7_137---IDT_i5_137.943,CottonwoodCreek_2010__943
NS.1493.004.IDT_i7_138---IDT_i5_138.21,Sweetwater_2012_South_21
NS.1493.004.IDT_i7_139---IDT_i5_139.78,Redwoods_2012_Centre_78
NS.1493.004.IDT_i7_14---IDT_i5_14.895,NorthForkSilverCreek_2010__895
NS.1493.004.IDT_i7_140---IDT_i5_140.113,NFMFTule_2015_Centre_113
NS.1493.004.IDT_i7_141---IDT_i5_141.387,ArroyoSequit_2010__387
NS.1493.004.IDT_i7_144---IDT_i5_144.344,DeerCreek_2011_North_344
NS.1493.004.IDT_i7_145---IDT_i5_145.831,UnknownCreekseepfeedingChiquitoCreek_2009__831
NS.1493.004.IDT_i7_146---IDT_i5_146.852,WhitewaterCanyon_2010__852
NS.1493.004.IDT_i7_147---IDT_i5_147.876,WrightsRoad_2009__876
NS.1493.004.IDT_i7_148---IDT_i5_148.884,YakimaWA_2006__884
NS.1493.004.IDT_i7_149---IDT_i5_149.944,CottonwoodCreek_2010__944
NS.1493.004.IDT_i7_15---IDT_i5_15.913,CraneCreek_2010__913
NS.1493.004.IDT_i7_150---IDT_i5_150.23,Sweetwater_2013_South_23
NS.1493.004.IDT_i7_151---IDT_i5_151.80,Redwoods_2013_Centre_80
NS.1493.004.IDT_i7_152---IDT_i5_152.118,NFMFTule_2016_Centre_118
NS.1493.004.IDT_i7_153---IDT_i5_153.413,CampCreek2_2009__413
NS.1493.004.IDT_i7_156---IDT_i5_156.346,DeerCreek_2011_North_346
NS.1493.004.IDT_i7_157---IDT_i5_157.832,UnknownCreekseepfeedingChiquitoCreek_2009__832
NS.1493.004.IDT_i7_158---IDT_i5_158.853,WhitewaterCanyon_2010__853
NS.1493.004.IDT_i7_159---IDT_i5_159.877,WrightsRoad_2009__877
NS.1493.004.IDT_i7_16---IDT_i5_16.934,CottonwoodCreek_2010__934
NS.1493.004.IDT_i7_160---IDT_i5_160.885,YakimaWA_2006__885
NS.1493.004.IDT_i7_161---IDT_i5_161.893,NorthForkSilverCreek_2010__893
NS.1493.004.IDT_i7_162---IDT_i5_162.29,Sweetwater_2014_South_29
NS.1493.004.IDT_i7_164---IDT_i5_164.128,MillCreek_2011_South_128
NS.1493.004.IDT_i7_165---IDT_i5_165.269,LittleJameson_2014_Centre_269
NS.1493.004.IDT_i7_168---IDT_i5_168.159,RockCreek_2014_North_159
NS.1493.004.IDT_i7_169---IDT_i5_169.833,UnknownCreekseepfeedingChiquitoCreek_2009__833
NS.1493.004.IDT_i7_17---IDT_i5_17.937,CottonwoodCreek_2010__937
NS.1493.004.IDT_i7_170---IDT_i5_170.854,WhitewaterCanyon_2010__854
NS.1493.004.IDT_i7_171---IDT_i5_171.878,WrightsRoad_2009__878
NS.1493.004.IDT_i7_172---IDT_i5_172.886,YakimaWA_2006__886
NS.1493.004.IDT_i7_174---IDT_i5_174.32,Sweetwater_2014_South_32
NS.1493.004.IDT_i7_175---IDT_i5_175.82,Redwoods_2013_Centre_82
NS.1493.004.IDT_i7_176---IDT_i5_176.138,MillCreek_2013_South_138
NS.1493.004.IDT_i7_177---IDT_i5_177.272,LittleJameson_2014_Centre_272
NS.1493.004.IDT_i7_18---IDT_i5_18.261,LittleJameson_2013_Centre_261
NS.1493.004.IDT_i7_180---IDT_i5_180.160,RockCreek_2014_North_160
NS.1493.004.IDT_i7_181---IDT_i5_181.835,WFMojave_2010_South_835
NS.1493.004.IDT_i7_182---IDT_i5_182.871,WhitewaterCanyon_2010__871
NS.1493.004.IDT_i7_183---IDT_i5_183.879,WrightsRoad_2009__879
NS.1493.004.IDT_i7_184---IDT_i5_184.887,YakimaWA_2006__887
NS.1493.004.IDT_i7_185---IDT_i5_185.260,LittleJameson_2013_Centre_260
NS.1493.004.IDT_i7_186---IDT_i5_186.40,WFMojave_2010_South_40
NS.1493.004.IDT_i7_187---IDT_i5_187.86,NFMFTule_2010_Centre_86
NS.1493.004.IDT_i7_188---IDT_i5_188.149,RockCreek_2010_North_149
NS.1493.004.IDT_i7_189---IDT_i5_189.280,LittleJameson_2016_Centre_280
NS.1493.004.IDT_i7_192---IDT_i5_192.161,RockCreek_2014_North_161
NS.1493.004.IDT_i7_2---IDT_i5_2.894,NorthForkSilverCreek_2010__894
NS.1493.004.IDT_i7_20---IDT_i5_20.278,LittleJameson_2016_Centre_278
NS.1493.004.IDT_i7_21---IDT_i5_21.286,OregonCreek_2010_Centre_286
NS.1493.004.IDT_i7_22---IDT_i5_22.785,SmithRiver_2009__785
NS.1493.004.IDT_i7_23---IDT_i5_23.794,SusanCreek_2010__794
NS.1493.004.IDT_i7_24---IDT_i5_24.819,TribtoWForkMojaveRiver_2010__819
NS.1493.004.IDT_i7_25---IDT_i5_25.636,NicasioCreek_2009__636
NS.1493.004.IDT_i7_26---IDT_i5_26.896,NorthForkSilverCreek_2010__896
NS.1493.004.IDT_i7_27---IDT_i5_27.914,CraneCreek_2010__914
NS.1493.004.IDT_i7_28---IDT_i5_28.936,CottonwoodCreek_2010__936
NS.1493.004.IDT_i7_29---IDT_i5_29.939,CottonwoodCreek_2010__939
NS.1493.004.IDT_i7_3---IDT_i5_3.902,NorthForkSilverCreek_2010__902
NS.1493.004.IDT_i7_30---IDT_i5_30.262,LittleJameson_2013_Centre_262
NS.1493.004.IDT_i7_31---IDT_i5_31.271,LittleJameson_2014_Centre_271
NS.1493.004.IDT_i7_32---IDT_i5_32.279,LittleJameson_2016_Centre_279
NS.1493.004.IDT_i7_34---IDT_i5_34.786,SmithRiver_2009__786
NS.1493.004.IDT_i7_35---IDT_i5_35.799,Sweetwater_2010_South_799
NS.1493.004.IDT_i7_36---IDT_i5_36.821,TribtoWForkMojaveRiver_2010__821
NS.1493.004.IDT_i7_37---IDT_i5_37.637,NicasioCreek_2009__637
NS.1493.004.IDT_i7_38---IDT_i5_38.899,NorthForkSilverCreek_2010__899
NS.1493.004.IDT_i7_39---IDT_i5_39.916,CraneCreek_2010__916
NS.1493.004.IDT_i7_4---IDT_i5_4.933,CottonwoodCreek_2010__933
NS.1493.004.IDT_i7_40---IDT_i5_40.170,RockCreek_2015_North_170
NS.1493.004.IDT_i7_42---IDT_i5_42.263,LittleJameson_2013_Centre_263
NS.1493.004.IDT_i7_45---IDT_i5_45.288,OregonCreek_2010_Centre_288
NS.1493.004.IDT_i7_46---IDT_i5_46.787,SmithRiver_2009__787
NS.1493.004.IDT_i7_47---IDT_i5_47.800,Sweetwater_2010_South_800
NS.1493.004.IDT_i7_48---IDT_i5_48.822,Trinity_2008__822
NS.1493.004.IDT_i7_49---IDT_i5_49.721,ParadiseCreek_2010__721
NS.1493.004.IDT_i7_5---IDT_i5_5.920,CraneCreek_2010__920
NS.1493.004.IDT_i7_50---IDT_i5_50.900,NorthForkSilverCreek_2010__900
NS.1493.004.IDT_i7_51---IDT_i5_51.917,CraneCreek_2010__917
NS.1493.004.IDT_i7_52---IDT_i5_52.179,RockCreek_2016_North_179
NS.1493.004.IDT_i7_53---IDT_i5_53.31,Sweetwater_2014_South_31
NS.1493.004.IDT_i7_54---IDT_i5_54.264,LittleJameson_2013_Centre_264
NS.1493.004.IDT_i7_55---IDT_i5_55.273,LittleJameson_2014_Centre_273
NS.1493.004.IDT_i7_56---IDT_i5_56.281,LittleJameson_2016_Centre_281
NS.1493.004.IDT_i7_57---IDT_i5_57.289,OregonCreek_2010_Centre_289
NS.1493.004.IDT_i7_58---IDT_i5_58.788,SmithRiver_2009__788
NS.1493.004.IDT_i7_59---IDT_i5_59.813,TenayaCreekYosemite_2008__813
NS.1493.004.IDT_i7_60---IDT_i5_60.823,Trinity_2008__823
NS.1493.004.IDT_i7_61---IDT_i5_61.726,RainbowPool_2009__726
NS.1493.004.IDT_i7_62---IDT_i5_62.897,NorthForkSilverCreek_2010__897
NS.1493.004.IDT_i7_63---IDT_i5_63.918,CraneCreek_2010__918
NS.1493.004.IDT_i7_64---IDT_i5_64.270,LittleJameson_2014_Centre_270
NS.1493.004.IDT_i7_65---IDT_i5_65.303,OregonCreek_2015_Centre_303
NS.1493.004.IDT_i7_66---IDT_i5_66.265,LittleJameson_2013_Centre_265
NS.1493.004.IDT_i7_67---IDT_i5_67.274,LittleJameson_2016_Centre_274
NS.1493.004.IDT_i7_68---IDT_i5_68.282,LittleJameson_2016_Centre_282
NS.1493.004.IDT_i7_69---IDT_i5_69.290,OregonCreek_2010_Centre_290
NS.1493.004.IDT_i7_7---IDT_i5_7.268,LittleJameson_2014_Centre_268
NS.1493.004.IDT_i7_70---IDT_i5_70.789,SouthFork_2009__789
NS.1493.004.IDT_i7_71---IDT_i5_71.814,TenayaCreekYosemite_2008__814
NS.1493.004.IDT_i7_72---IDT_i5_72.824,UnknownCreekseepfeedingChiquitoCreek_2009__824
NS.1493.004.IDT_i7_74---IDT_i5_74.898,NorthForkSilverCreek_2010__898
NS.1493.004.IDT_i7_75---IDT_i5_75.931,CraneCreek_2010__931
NS.1493.004.IDT_i7_76---IDT_i5_76.921,CraneCreek_2010__921
NS.1493.004.IDT_i7_77---IDT_i5_77.342,DeerCreek_2011_North_342
NS.1493.004.IDT_i7_78---IDT_i5_78.266,LittleJameson_2014_Centre_266
NS.1493.004.IDT_i7_79---IDT_i5_79.275,LittleJameson_2016_Centre_275
NS.1493.004.IDT_i7_8---IDT_i5_8.277,LittleJameson_2016_Centre_277
NS.1493.004.IDT_i7_80---IDT_i5_80.283,OregonCreek_2010_Centre_283
NS.1493.004.IDT_i7_81---IDT_i5_81.291,OregonCreek_2013_Centre_291
NS.1493.004.IDT_i7_82---IDT_i5_82.790,SouthFork_2009__790
NS.1493.004.IDT_i7_83---IDT_i5_83.815,TenayaCreekYosemite_2008__815
NS.1493.004.IDT_i7_84---IDT_i5_84.825,UnknownCreekseepfeedingChiquitoCreek_2009__825
NS.1493.004.IDT_i7_86---IDT_i5_86.901,NorthForkSilverCreek_2010__901
NS.1493.004.IDT_i7_87---IDT_i5_87.932,CraneCreek_2010__932
NS.1493.004.IDT_i7_88---IDT_i5_88.919,CraneCreek_2010__919
NS.1493.004.IDT_i7_89---IDT_i5_89.348,DeerCreek_2011_North_348
NS.1493.004.IDT_i7_9---IDT_i5_9.285,OregonCreek_2010_Centre_285
NS.1493.004.IDT_i7_90---IDT_i5_90.267,LittleJameson_2014_Centre_267
NS.1493.004.IDT_i7_91---IDT_i5_91.276,LittleJameson_2016_Centre_276
NS.1493.004.IDT_i7_92---IDT_i5_92.284,OregonCreek_2010_Centre_284
NS.1493.004.IDT_i7_93---IDT_i5_93.292,OregonCreek_2013_Centre_292
NS.1493.004.IDT_i7_94---IDT_i5_94.791,SouthFork_2009__791
NS.1493.004.IDT_i7_95---IDT_i5_95.817,TribtoWForkMojaveRiver_2010__817
NS.1493.004.IDT_i7_96---IDT_i5_96.826,UnknownCreekseepfeedingChiquitoCreek_2009__826
NS.1493.004.IDT_i7_97---IDT_i5_97.827,UnknownCreekseepfeedingChiquitoCreek_2009__827
NS.1493.004.IDT_i7_98---IDT_i5_98.844,WhitewaterCanyon_2010__844
NS.1493.004.IDT_i7_99---IDT_i5_99.872,WhitewaterCanyon_2010__872
